Prompt_ID,Input_Token_Length,Context_Size,Token_Index_k,Per_Token_Latency_ms
4bb64f34-2e41-4c0d-a887-e02904105893,14,14,1,1841.206489000001
4bb64f34-2e41-4c0d-a887-e02904105893,14,15,2,320.4992369999786
4bb64f34-2e41-4c0d-a887-e02904105893,14,16,3,296.4076670000395
4bb64f34-2e41-4c0d-a887-e02904105893,14,17,4,304.0266109999834
4bb64f34-2e41-4c0d-a887-e02904105893,14,18,5,275.9286589999874
4bb64f34-2e41-4c0d-a887-e02904105893,14,19,6,275.6612270000005
4bb64f34-2e41-4c0d-a887-e02904105893,14,20,7,277.63878000001796
4bb64f34-2e41-4c0d-a887-e02904105893,14,21,8,297.1232470000018
4bb64f34-2e41-4c0d-a887-e02904105893,14,22,9,289.62462599997707
4bb64f34-2e41-4c0d-a887-e02904105893,14,23,10,295.0089230000117
4bb64f34-2e41-4c0d-a887-e02904105893,14,24,11,301.2052550000135
4bb64f34-2e41-4c0d-a887-e02904105893,14,25,12,300.98003500000914
4bb64f34-2e41-4c0d-a887-e02904105893,14,26,13,294.83232799998405
4bb64f34-2e41-4c0d-a887-e02904105893,14,27,14,301.77048699999887
4bb64f34-2e41-4c0d-a887-e02904105893,14,28,15,310.30341899997893
4bb64f34-2e41-4c0d-a887-e02904105893,14,29,16,300.0947600000359
4bb64f34-2e41-4c0d-a887-e02904105893,14,30,17,303.0548139999496
4bb64f34-2e41-4c0d-a887-e02904105893,14,31,18,316.7636300000254
4bb64f34-2e41-4c0d-a887-e02904105893,14,32,19,308.3784350000087
4bb64f34-2e41-4c0d-a887-e02904105893,14,33,20,361.9348450000075
4bb64f34-2e41-4c0d-a887-e02904105893,14,34,21,318.9621349999925
4bb64f34-2e41-4c0d-a887-e02904105893,14,35,22,308.65470800000594
4bb64f34-2e41-4c0d-a887-e02904105893,14,36,23,312.4171999999703
4bb64f34-2e41-4c0d-a887-e02904105893,14,37,24,316.83021399999234
4bb64f34-2e41-4c0d-a887-e02904105893,14,38,25,324.2466490000311
4bb64f34-2e41-4c0d-a887-e02904105893,14,39,26,318.42008500001384
4bb64f34-2e41-4c0d-a887-e02904105893,14,40,27,321.7712989999768
4bb64f34-2e41-4c0d-a887-e02904105893,14,41,28,340.53398200001084
4bb64f34-2e41-4c0d-a887-e02904105893,14,42,29,330.1374110000097
4bb64f34-2e41-4c0d-a887-e02904105893,14,43,30,334.8751099999845
4bb64f34-2e41-4c0d-a887-e02904105893,14,44,31,350.42507700001124
4bb64f34-2e41-4c0d-a887-e02904105893,14,45,32,337.5293080000006
4bb64f34-2e41-4c0d-a887-e02904105893,14,46,33,330.30467399999
4bb64f34-2e41-4c0d-a887-e02904105893,14,47,34,410.03850599997804
4bb64f34-2e41-4c0d-a887-e02904105893,14,48,35,401.4193090000049
4bb64f34-2e41-4c0d-a887-e02904105893,14,49,36,392.92581000000837
4bb64f34-2e41-4c0d-a887-e02904105893,14,50,37,392.4610249999887
4bb64f34-2e41-4c0d-a887-e02904105893,14,51,38,423.14709700002595
4bb64f34-2e41-4c0d-a887-e02904105893,14,52,39,447.3276690000034
4bb64f34-2e41-4c0d-a887-e02904105893,14,53,40,344.1348439999956
4bb64f34-2e41-4c0d-a887-e02904105893,14,54,41,340.6223949999685
4bb64f34-2e41-4c0d-a887-e02904105893,14,55,42,354.6541980000484
4bb64f34-2e41-4c0d-a887-e02904105893,14,56,43,340.6341409999527
4bb64f34-2e41-4c0d-a887-e02904105893,14,57,44,344.665740000039
4bb64f34-2e41-4c0d-a887-e02904105893,14,58,45,411.2648479999734
4bb64f34-2e41-4c0d-a887-e02904105893,14,59,46,346.67131999998446
4bb64f34-2e41-4c0d-a887-e02904105893,14,60,47,347.1221550000223
4bb64f34-2e41-4c0d-a887-e02904105893,14,61,48,359.8314079999909
4bb64f34-2e41-4c0d-a887-e02904105893,14,62,49,346.15458199999694
4bb64f34-2e41-4c0d-a887-e02904105893,14,63,50,355.42326099999855
4bb64f34-2e41-4c0d-a887-e02904105893,14,64,51,362.58154800003695
4bb64f34-2e41-4c0d-a887-e02904105893,14,65,52,359.2759979999869
4bb64f34-2e41-4c0d-a887-e02904105893,14,66,53,361.50594100001854
4bb64f34-2e41-4c0d-a887-e02904105893,14,67,54,373.46414999996114
4bb64f34-2e41-4c0d-a887-e02904105893,14,68,55,358.4339299999897
4bb64f34-2e41-4c0d-a887-e02904105893,14,69,56,367.69559300000765
4bb64f34-2e41-4c0d-a887-e02904105893,14,70,57,363.6926980000226
4bb64f34-2e41-4c0d-a887-e02904105893,14,71,58,366.64904299999534
4bb64f34-2e41-4c0d-a887-e02904105893,14,72,59,369.9800989999744
4bb64f34-2e41-4c0d-a887-e02904105893,14,73,60,364.57069900001216
4bb64f34-2e41-4c0d-a887-e02904105893,14,74,61,381.66370900000857
4bb64f34-2e41-4c0d-a887-e02904105893,14,75,62,380.0308880000216
4bb64f34-2e41-4c0d-a887-e02904105893,14,76,63,368.38695099999086
4bb64f34-2e41-4c0d-a887-e02904105893,14,77,64,370.60213399996655
4bb64f34-2e41-4c0d-a887-e02904105893,14,78,65,389.7806360000118
4bb64f34-2e41-4c0d-a887-e02904105893,14,79,66,380.3354050000394
4bb64f34-2e41-4c0d-a887-e02904105893,14,80,67,409.63270699995746
4bb64f34-2e41-4c0d-a887-e02904105893,14,81,68,435.3785929999958
4bb64f34-2e41-4c0d-a887-e02904105893,14,82,69,425.0084530000322
4bb64f34-2e41-4c0d-a887-e02904105893,14,83,70,438.7186369999654
4bb64f34-2e41-4c0d-a887-e02904105893,14,84,71,463.52218399999856
4bb64f34-2e41-4c0d-a887-e02904105893,14,85,72,453.8016240000502
4bb64f34-2e41-4c0d-a887-e02904105893,14,86,73,384.9432489999458
4bb64f34-2e41-4c0d-a887-e02904105893,14,87,74,379.2383680000171
4bb64f34-2e41-4c0d-a887-e02904105893,14,88,75,383.19521599999007
4bb64f34-2e41-4c0d-a887-e02904105893,14,89,76,380.84835200004363
4bb64f34-2e41-4c0d-a887-e02904105893,14,90,77,384.644188999971
4bb64f34-2e41-4c0d-a887-e02904105893,14,91,78,390.33875000001217
4bb64f34-2e41-4c0d-a887-e02904105893,14,92,79,385.87484499998936
4bb64f34-2e41-4c0d-a887-e02904105893,14,93,80,386.9331079999938
4bb64f34-2e41-4c0d-a887-e02904105893,14,94,81,386.5469900000562
4bb64f34-2e41-4c0d-a887-e02904105893,14,95,82,382.4948259999701
4bb64f34-2e41-4c0d-a887-e02904105893,14,96,83,384.7367089999807
4bb64f34-2e41-4c0d-a887-e02904105893,14,97,84,383.4821689999899
4bb64f34-2e41-4c0d-a887-e02904105893,14,98,85,390.6976250000298
4bb64f34-2e41-4c0d-a887-e02904105893,14,99,86,401.67324799995185
4bb64f34-2e41-4c0d-a887-e02904105893,14,100,87,391.2840870000309
4bb64f34-2e41-4c0d-a887-e02904105893,14,101,88,394.28673400004755
4bb64f34-2e41-4c0d-a887-e02904105893,14,102,89,386.945252999908
4bb64f34-2e41-4c0d-a887-e02904105893,14,103,90,392.8795240000227
4bb64f34-2e41-4c0d-a887-e02904105893,14,104,91,397.74368999997023
4bb64f34-2e41-4c0d-a887-e02904105893,14,105,92,398.41082899999947
4bb64f34-2e41-4c0d-a887-e02904105893,14,106,93,392.1868680000671
4bb64f34-2e41-4c0d-a887-e02904105893,14,107,94,403.9216180000267
4bb64f34-2e41-4c0d-a887-e02904105893,14,108,95,391.8034159999024
4bb64f34-2e41-4c0d-a887-e02904105893,14,109,96,401.2470210000174
4bb64f34-2e41-4c0d-a887-e02904105893,14,110,97,399.47458800008917
4bb64f34-2e41-4c0d-a887-e02904105893,14,111,98,439.61641699991105
4bb64f34-2e41-4c0d-a887-e02904105893,14,112,99,456.57850700001745
4bb64f34-2e41-4c0d-a887-e02904105893,14,113,100,444.27244899998186
4bb64f34-2e41-4c0d-a887-e02904105893,14,114,101,458.22671600001286
4bb64f34-2e41-4c0d-a887-e02904105893,14,115,102,471.0353960000475
4bb64f34-2e41-4c0d-a887-e02904105893,14,116,103,427.8912700000319
4bb64f34-2e41-4c0d-a887-e02904105893,14,117,104,406.19144400000096
4bb64f34-2e41-4c0d-a887-e02904105893,14,118,105,402.38117299998066
4bb64f34-2e41-4c0d-a887-e02904105893,14,119,106,412.8859399999101
4bb64f34-2e41-4c0d-a887-e02904105893,14,120,107,405.44690700005503
4bb64f34-2e41-4c0d-a887-e02904105893,14,121,108,411.04301799998666
4bb64f34-2e41-4c0d-a887-e02904105893,14,122,109,404.8891969999886
4bb64f34-2e41-4c0d-a887-e02904105893,14,123,110,404.9410339999895
4bb64f34-2e41-4c0d-a887-e02904105893,14,124,111,407.15933900003165
4bb64f34-2e41-4c0d-a887-e02904105893,14,125,112,406.97678900005485
4bb64f34-2e41-4c0d-a887-e02904105893,14,126,113,407.5063949999276
4bb64f34-2e41-4c0d-a887-e02904105893,14,127,114,415.0304109999752
4bb64f34-2e41-4c0d-a887-e02904105893,14,128,115,412.62463000009575
4bb64f34-2e41-4c0d-a887-e02904105893,14,129,116,445.2785389999008
4bb64f34-2e41-4c0d-a887-e02904105893,14,130,117,438.1870010000739
4bb64f34-2e41-4c0d-a887-e02904105893,14,131,118,447.68703499994444
4bb64f34-2e41-4c0d-a887-e02904105893,14,132,119,444.43769400004385
4bb64f34-2e41-4c0d-a887-e02904105893,14,133,120,443.90997499999685
4bb64f34-2e41-4c0d-a887-e02904105893,14,134,121,456.0023489999594
4bb64f34-2e41-4c0d-a887-e02904105893,14,135,122,444.1912820000198
4bb64f34-2e41-4c0d-a887-e02904105893,14,136,123,448.019080999984
4bb64f34-2e41-4c0d-a887-e02904105893,14,137,124,442.300629999977
4bb64f34-2e41-4c0d-a887-e02904105893,14,138,125,450.28823100005866
4bb64f34-2e41-4c0d-a887-e02904105893,14,139,126,456.98023599993576
4bb64f34-2e41-4c0d-a887-e02904105893,14,140,127,486.9880490000469
4bb64f34-2e41-4c0d-a887-e02904105893,14,141,128,486.9354639999983
44555c7f-6d35-47b6-8df4-cededda8aad5,18,18,1,334.4719619999523
44555c7f-6d35-47b6-8df4-cededda8aad5,18,19,2,380.48867300005895
44555c7f-6d35-47b6-8df4-cededda8aad5,18,20,3,369.80767900001865
44555c7f-6d35-47b6-8df4-cededda8aad5,18,21,4,283.22012399996765
44555c7f-6d35-47b6-8df4-cededda8aad5,18,22,5,286.8085840000276
44555c7f-6d35-47b6-8df4-cededda8aad5,18,23,6,302.8598899999224
44555c7f-6d35-47b6-8df4-cededda8aad5,18,24,7,290.6884250000985
44555c7f-6d35-47b6-8df4-cededda8aad5,18,25,8,308.1498770000053
44555c7f-6d35-47b6-8df4-cededda8aad5,18,26,9,307.10041899999396
44555c7f-6d35-47b6-8df4-cededda8aad5,18,27,10,304.5644839999113
44555c7f-6d35-47b6-8df4-cededda8aad5,18,28,11,310.4056140000466
44555c7f-6d35-47b6-8df4-cededda8aad5,18,29,12,319.3524719999914
44555c7f-6d35-47b6-8df4-cededda8aad5,18,30,13,311.3208610000129
44555c7f-6d35-47b6-8df4-cededda8aad5,18,31,14,311.3045830000374
44555c7f-6d35-47b6-8df4-cededda8aad5,18,32,15,314.2212779999909
44555c7f-6d35-47b6-8df4-cededda8aad5,18,33,16,327.43915599996853
44555c7f-6d35-47b6-8df4-cededda8aad5,18,34,17,313.5313870000118
44555c7f-6d35-47b6-8df4-cededda8aad5,18,35,18,316.53442300000734
44555c7f-6d35-47b6-8df4-cededda8aad5,18,36,19,336.22571299997617
44555c7f-6d35-47b6-8df4-cededda8aad5,18,37,20,325.17683300000044
44555c7f-6d35-47b6-8df4-cededda8aad5,18,38,21,326.07388400003856
44555c7f-6d35-47b6-8df4-cededda8aad5,18,39,22,330.2984019999258
44555c7f-6d35-47b6-8df4-cededda8aad5,18,40,23,324.34827100007624
44555c7f-6d35-47b6-8df4-cededda8aad5,18,41,24,325.52744399993117
44555c7f-6d35-47b6-8df4-cededda8aad5,18,42,25,333.7345490000416
44555c7f-6d35-47b6-8df4-cededda8aad5,18,43,26,329.3320819999508
44555c7f-6d35-47b6-8df4-cededda8aad5,18,44,27,327.99030300009235
44555c7f-6d35-47b6-8df4-cededda8aad5,18,45,28,335.76280999989194
44555c7f-6d35-47b6-8df4-cededda8aad5,18,46,29,342.0172320001029
44555c7f-6d35-47b6-8df4-cededda8aad5,18,47,30,335.0553299999319
44555c7f-6d35-47b6-8df4-cededda8aad5,18,48,31,345.89471599997523
44555c7f-6d35-47b6-8df4-cededda8aad5,18,49,32,342.87449200007813
44555c7f-6d35-47b6-8df4-cededda8aad5,18,50,33,345.6622399999105
44555c7f-6d35-47b6-8df4-cededda8aad5,18,51,34,346.9632100000126
44555c7f-6d35-47b6-8df4-cededda8aad5,18,52,35,415.24981600002775
44555c7f-6d35-47b6-8df4-cededda8aad5,18,53,36,393.1943999999703
44555c7f-6d35-47b6-8df4-cededda8aad5,18,54,37,402.8185619999931
44555c7f-6d35-47b6-8df4-cededda8aad5,18,55,38,395.59746700001597
44555c7f-6d35-47b6-8df4-cededda8aad5,18,56,39,417.84461600002487
44555c7f-6d35-47b6-8df4-cededda8aad5,18,57,40,417.27544599996236
44555c7f-6d35-47b6-8df4-cededda8aad5,18,58,41,351.4227040000151
44555c7f-6d35-47b6-8df4-cededda8aad5,18,59,42,362.2163410000212
44555c7f-6d35-47b6-8df4-cededda8aad5,18,60,43,353.1070169999566
44555c7f-6d35-47b6-8df4-cededda8aad5,18,61,44,349.4557960000293
44555c7f-6d35-47b6-8df4-cededda8aad5,18,62,45,364.02544200007014
44555c7f-6d35-47b6-8df4-cededda8aad5,18,63,46,356.8368929999224
44555c7f-6d35-47b6-8df4-cededda8aad5,18,64,47,358.46208899999965
44555c7f-6d35-47b6-8df4-cededda8aad5,18,65,48,364.97160400006123
44555c7f-6d35-47b6-8df4-cededda8aad5,18,66,49,380.4316129999279
44555c7f-6d35-47b6-8df4-cededda8aad5,18,67,50,365.8209989999932
44555c7f-6d35-47b6-8df4-cededda8aad5,18,68,51,381.84091600010106
44555c7f-6d35-47b6-8df4-cededda8aad5,18,69,52,372.3631299999397
44555c7f-6d35-47b6-8df4-cededda8aad5,18,70,53,378.65651000004164
44555c7f-6d35-47b6-8df4-cededda8aad5,18,71,54,384.27474699994946
44555c7f-6d35-47b6-8df4-cededda8aad5,18,72,55,377.20653500002754
44555c7f-6d35-47b6-8df4-cededda8aad5,18,73,56,387.1548229999462
44555c7f-6d35-47b6-8df4-cededda8aad5,18,74,57,380.133497000088
44555c7f-6d35-47b6-8df4-cededda8aad5,18,75,58,379.9245229999997
44555c7f-6d35-47b6-8df4-cededda8aad5,18,76,59,380.69165799993243
44555c7f-6d35-47b6-8df4-cededda8aad5,18,77,60,383.2275990000653
44555c7f-6d35-47b6-8df4-cededda8aad5,18,78,61,385.77255999996396
44555c7f-6d35-47b6-8df4-cededda8aad5,18,79,62,391.2248679999948
44555c7f-6d35-47b6-8df4-cededda8aad5,18,80,63,385.2834189999612
44555c7f-6d35-47b6-8df4-cededda8aad5,18,81,64,387.60944500006644
44555c7f-6d35-47b6-8df4-cededda8aad5,18,82,65,387.76669899993976
44555c7f-6d35-47b6-8df4-cededda8aad5,18,83,66,389.88241700008075
44555c7f-6d35-47b6-8df4-cededda8aad5,18,84,67,456.82577499997024
44555c7f-6d35-47b6-8df4-cededda8aad5,18,85,68,432.70581900003435
44555c7f-6d35-47b6-8df4-cededda8aad5,18,86,69,426.56141099996603
44555c7f-6d35-47b6-8df4-cededda8aad5,18,87,70,462.3926350000147
44555c7f-6d35-47b6-8df4-cededda8aad5,18,88,71,461.4044259999446
44555c7f-6d35-47b6-8df4-cededda8aad5,18,89,72,398.098975000039
44555c7f-6d35-47b6-8df4-cededda8aad5,18,90,73,394.997807999971
44555c7f-6d35-47b6-8df4-cededda8aad5,18,91,74,389.8014210000156
44555c7f-6d35-47b6-8df4-cededda8aad5,18,92,75,406.3924219999535
44555c7f-6d35-47b6-8df4-cededda8aad5,18,93,76,390.4359940000859
44555c7f-6d35-47b6-8df4-cededda8aad5,18,94,77,392.341579999993
44555c7f-6d35-47b6-8df4-cededda8aad5,18,95,78,391.5143670000134
44555c7f-6d35-47b6-8df4-cededda8aad5,18,96,79,387.86741799992797
44555c7f-6d35-47b6-8df4-cededda8aad5,18,97,80,403.86540999998033
44555c7f-6d35-47b6-8df4-cededda8aad5,18,98,81,399.4742120000865
44555c7f-6d35-47b6-8df4-cededda8aad5,18,99,82,408.6398239999198
44555c7f-6d35-47b6-8df4-cededda8aad5,18,100,83,404.46214400003555
44555c7f-6d35-47b6-8df4-cededda8aad5,18,101,84,399.7166039999911
44555c7f-6d35-47b6-8df4-cededda8aad5,18,102,85,403.00253899999916
44555c7f-6d35-47b6-8df4-cededda8aad5,18,103,86,400.1516859999583
44555c7f-6d35-47b6-8df4-cededda8aad5,18,104,87,400.5594770000016
6f2a319f-b412-4887-823f-f757cf049d7d,48,48,1,343.2639200000267
6f2a319f-b412-4887-823f-f757cf049d7d,48,49,2,326.6337549999889
6f2a319f-b412-4887-823f-f757cf049d7d,48,50,3,336.20504399993933
6f2a319f-b412-4887-823f-f757cf049d7d,48,51,4,343.8894739999796
6f2a319f-b412-4887-823f-f757cf049d7d,48,52,5,334.0223480000759
6f2a319f-b412-4887-823f-f757cf049d7d,48,53,6,334.78706500000044
6f2a319f-b412-4887-823f-f757cf049d7d,48,54,7,354.95427000000745
6f2a319f-b412-4887-823f-f757cf049d7d,48,55,8,339.8526449999508
6f2a319f-b412-4887-823f-f757cf049d7d,48,56,9,342.0304830000305
6f2a319f-b412-4887-823f-f757cf049d7d,48,57,10,353.1517960000201
6f2a319f-b412-4887-823f-f757cf049d7d,48,58,11,362.79236099994705
6f2a319f-b412-4887-823f-f757cf049d7d,48,59,12,395.1511489999575
6f2a319f-b412-4887-823f-f757cf049d7d,48,60,13,398.46908700008044
6f2a319f-b412-4887-823f-f757cf049d7d,48,61,14,397.6235519999136
6f2a319f-b412-4887-823f-f757cf049d7d,48,62,15,430.67694100000153
6f2a319f-b412-4887-823f-f757cf049d7d,48,63,16,430.3589290000218
6f2a319f-b412-4887-823f-f757cf049d7d,48,64,17,349.09748699999454
6f2a319f-b412-4887-823f-f757cf049d7d,48,65,18,364.0629370000852
6f2a319f-b412-4887-823f-f757cf049d7d,48,66,19,351.87197799996284
6f2a319f-b412-4887-823f-f757cf049d7d,48,67,20,355.4911850000053
6f2a319f-b412-4887-823f-f757cf049d7d,48,68,21,365.5674269999736
6f2a319f-b412-4887-823f-f757cf049d7d,48,69,22,356.0946329999979
6f2a319f-b412-4887-823f-f757cf049d7d,48,70,23,364.9307770000405
6f2a319f-b412-4887-823f-f757cf049d7d,48,71,24,372.7912199999537
6f2a319f-b412-4887-823f-f757cf049d7d,48,72,25,367.0109270000239
6f2a319f-b412-4887-823f-f757cf049d7d,48,73,26,369.98791799999253
6f2a319f-b412-4887-823f-f757cf049d7d,48,74,27,362.28791999997156
6f2a319f-b412-4887-823f-f757cf049d7d,48,75,28,365.078896
6f2a319f-b412-4887-823f-f757cf049d7d,48,76,29,369.7293139999829
6f2a319f-b412-4887-823f-f757cf049d7d,48,77,30,370.3954810000596
6f2a319f-b412-4887-823f-f757cf049d7d,48,78,31,371.8202630000178
6f2a319f-b412-4887-823f-f757cf049d7d,48,79,32,371.8097119999584
6f2a319f-b412-4887-823f-f757cf049d7d,48,80,33,369.78184300005523
6f2a319f-b412-4887-823f-f757cf049d7d,48,81,34,371.679004999919
6f2a319f-b412-4887-823f-f757cf049d7d,48,82,35,374.8089489999984
6f2a319f-b412-4887-823f-f757cf049d7d,48,83,36,373.10232600009385
6f2a319f-b412-4887-823f-f757cf049d7d,48,84,37,371.87715399988974
6f2a319f-b412-4887-823f-f757cf049d7d,48,85,38,397.94337600005747
6f2a319f-b412-4887-823f-f757cf049d7d,48,86,39,379.55529700002444
6f2a319f-b412-4887-823f-f757cf049d7d,48,87,40,379.6331309999914
6f2a319f-b412-4887-823f-f757cf049d7d,48,88,41,377.66084600002614
6f2a319f-b412-4887-823f-f757cf049d7d,48,89,42,384.4371629999159
6f2a319f-b412-4887-823f-f757cf049d7d,48,90,43,381.67014700002255
6f2a319f-b412-4887-823f-f757cf049d7d,48,91,44,452.5374780000675
6f2a319f-b412-4887-823f-f757cf049d7d,48,92,45,435.23014099991997
6f2a319f-b412-4887-823f-f757cf049d7d,48,93,46,418.76308200005496
6f2a319f-b412-4887-823f-f757cf049d7d,48,94,47,448.04619399997136
6f2a319f-b412-4887-823f-f757cf049d7d,48,95,48,448.13896200003
6f2a319f-b412-4887-823f-f757cf049d7d,48,96,49,388.43467799995324
6f2a319f-b412-4887-823f-f757cf049d7d,48,97,50,396.5716650000104
6f2a319f-b412-4887-823f-f757cf049d7d,48,98,51,397.3824979999563
6f2a319f-b412-4887-823f-f757cf049d7d,48,99,52,388.75857300001826
6f2a319f-b412-4887-823f-f757cf049d7d,48,100,53,388.2459779999863
6f2a319f-b412-4887-823f-f757cf049d7d,48,101,54,393.0530580000777
6f2a319f-b412-4887-823f-f757cf049d7d,48,102,55,391.56909299993004
6f2a319f-b412-4887-823f-f757cf049d7d,48,103,56,401.85584599998947
6f2a319f-b412-4887-823f-f757cf049d7d,48,104,57,383.58727100001033
6f2a319f-b412-4887-823f-f757cf049d7d,48,105,58,390.3538260000232
6f2a319f-b412-4887-823f-f757cf049d7d,48,106,59,400.4537690000234
6f2a319f-b412-4887-823f-f757cf049d7d,48,107,60,387.67199400001573
6f2a319f-b412-4887-823f-f757cf049d7d,48,108,61,403.52942399999847
6f2a319f-b412-4887-823f-f757cf049d7d,48,109,62,397.537251000017
6f2a319f-b412-4887-823f-f757cf049d7d,48,110,63,395.30096999999387
6f2a319f-b412-4887-823f-f757cf049d7d,48,111,64,411.1049009999306
6f2a319f-b412-4887-823f-f757cf049d7d,48,112,65,394.3957720000526
6f2a319f-b412-4887-823f-f757cf049d7d,48,113,66,398.1655669999782
6f2a319f-b412-4887-823f-f757cf049d7d,48,114,67,392.85414899995885
6f2a319f-b412-4887-823f-f757cf049d7d,48,115,68,395.8276460000434
6f2a319f-b412-4887-823f-f757cf049d7d,48,116,69,407.36731000004056
6f2a319f-b412-4887-823f-f757cf049d7d,48,117,70,401.94858600000316
6f2a319f-b412-4887-823f-f757cf049d7d,48,118,71,409.3449380000038
6f2a319f-b412-4887-823f-f757cf049d7d,48,119,72,400.4687769999009
6f2a319f-b412-4887-823f-f757cf049d7d,48,120,73,401.0778870000422
6f2a319f-b412-4887-823f-f757cf049d7d,48,121,74,493.007724999984
6f2a319f-b412-4887-823f-f757cf049d7d,48,122,75,444.8303039999928
6f2a319f-b412-4887-823f-f757cf049d7d,48,123,76,438.55018600004314
6f2a319f-b412-4887-823f-f757cf049d7d,48,124,77,475.19619299998794
6f2a319f-b412-4887-823f-f757cf049d7d,48,125,78,469.6490479999511
6f2a319f-b412-4887-823f-f757cf049d7d,48,126,79,416.1828930000411
6f2a319f-b412-4887-823f-f757cf049d7d,48,127,80,408.2610289999593
6f2a319f-b412-4887-823f-f757cf049d7d,48,128,81,427.7975450000895
6f2a319f-b412-4887-823f-f757cf049d7d,48,129,82,440.5362079999122
6f2a319f-b412-4887-823f-f757cf049d7d,48,130,83,447.329896000042
6f2a319f-b412-4887-823f-f757cf049d7d,48,131,84,432.4284250000119
6f2a319f-b412-4887-823f-f757cf049d7d,48,132,85,444.0417729999808
6f2a319f-b412-4887-823f-f757cf049d7d,48,133,86,440.06188100001964
6f2a319f-b412-4887-823f-f757cf049d7d,48,134,87,443.30842600004416
6f2a319f-b412-4887-823f-f757cf049d7d,48,135,88,442.1777339999835
6f2a319f-b412-4887-823f-f757cf049d7d,48,136,89,438.95208200001434
6f2a319f-b412-4887-823f-f757cf049d7d,48,137,90,450.4836219999788
6f2a319f-b412-4887-823f-f757cf049d7d,48,138,91,450.5854469999804
6f2a319f-b412-4887-823f-f757cf049d7d,48,139,92,445.16562700005124
6f2a319f-b412-4887-823f-f757cf049d7d,48,140,93,449.31378599994787
6f2a319f-b412-4887-823f-f757cf049d7d,48,141,94,448.50814599999467
6f2a319f-b412-4887-823f-f757cf049d7d,48,142,95,452.94408699999167
6f2a319f-b412-4887-823f-f757cf049d7d,48,143,96,459.02494999995724
6f2a319f-b412-4887-823f-f757cf049d7d,48,144,97,445.2285870000878
6f2a319f-b412-4887-823f-f757cf049d7d,48,145,98,452.92147599991495
6f2a319f-b412-4887-823f-f757cf049d7d,48,146,99,447.3256630000151
6f2a319f-b412-4887-823f-f757cf049d7d,48,147,100,458.58999300003234
6f2a319f-b412-4887-823f-f757cf049d7d,48,148,101,492.07611799999995
6f2a319f-b412-4887-823f-f757cf049d7d,48,149,102,504.25170000005437
6f2a319f-b412-4887-823f-f757cf049d7d,48,150,103,502.66528299994206
6f2a319f-b412-4887-823f-f757cf049d7d,48,151,104,521.0862019999922
6f2a319f-b412-4887-823f-f757cf049d7d,48,152,105,505.49674499995945
6f2a319f-b412-4887-823f-f757cf049d7d,48,153,106,463.9762920000976
6f2a319f-b412-4887-823f-f757cf049d7d,48,154,107,462.49037799998405
6f2a319f-b412-4887-823f-f757cf049d7d,48,155,108,452.01646099997106
6f2a319f-b412-4887-823f-f757cf049d7d,48,156,109,456.62890699998115
6f2a319f-b412-4887-823f-f757cf049d7d,48,157,110,459.5371809999733
6f2a319f-b412-4887-823f-f757cf049d7d,48,158,111,478.46325099999376
6f2a319f-b412-4887-823f-f757cf049d7d,48,159,112,455.7724420000113
6f2a319f-b412-4887-823f-f757cf049d7d,48,160,113,468.4910400000035
6f2a319f-b412-4887-823f-f757cf049d7d,48,161,114,461.93679500004237
6f2a319f-b412-4887-823f-f757cf049d7d,48,162,115,461.4308579999715
6f2a319f-b412-4887-823f-f757cf049d7d,48,163,116,461.0384620000332
6f2a319f-b412-4887-823f-f757cf049d7d,48,164,117,474.6288219999997
6f2a319f-b412-4887-823f-f757cf049d7d,48,165,118,463.49371400003747
6f2a319f-b412-4887-823f-f757cf049d7d,48,166,119,474.6746929999972
6f2a319f-b412-4887-823f-f757cf049d7d,48,167,120,467.1787059999133
6f2a319f-b412-4887-823f-f757cf049d7d,48,168,121,471.2344810000104
6f2a319f-b412-4887-823f-f757cf049d7d,48,169,122,474.11830800001553
6f2a319f-b412-4887-823f-f757cf049d7d,48,170,123,466.335205000064
6f2a319f-b412-4887-823f-f757cf049d7d,48,171,124,475.80909699991025
6f2a319f-b412-4887-823f-f757cf049d7d,48,172,125,463.7561370000185
6f2a319f-b412-4887-823f-f757cf049d7d,48,173,126,477.0904370000153
6f2a319f-b412-4887-823f-f757cf049d7d,48,174,127,508.917657999973
6f2a319f-b412-4887-823f-f757cf049d7d,48,175,128,512.0144850000088
cacb7705-4c97-49f1-b940-90fa8ae112c2,15,15,1,347.0199490000141
cacb7705-4c97-49f1-b940-90fa8ae112c2,15,16,2,378.83491499997035
cacb7705-4c97-49f1-b940-90fa8ae112c2,15,17,3,355.49447599998985
cacb7705-4c97-49f1-b940-90fa8ae112c2,15,18,4,274.48090899997624
cacb7705-4c97-49f1-b940-90fa8ae112c2,15,19,5,281.1986789999992
cacb7705-4c97-49f1-b940-90fa8ae112c2,15,20,6,285.84608400001343
cacb7705-4c97-49f1-b940-90fa8ae112c2,15,21,7,288.51266200001646
cacb7705-4c97-49f1-b940-90fa8ae112c2,15,22,8,292.9002199999786
cacb7705-4c97-49f1-b940-90fa8ae112c2,15,23,9,292.99712400006683
cacb7705-4c97-49f1-b940-90fa8ae112c2,15,24,10,302.7774720000025
cacb7705-4c97-49f1-b940-90fa8ae112c2,15,25,11,294.77921899990633
cacb7705-4c97-49f1-b940-90fa8ae112c2,15,26,12,299.7588050000104
cacb7705-4c97-49f1-b940-90fa8ae112c2,15,27,13,311.41827999999805
cacb7705-4c97-49f1-b940-90fa8ae112c2,15,28,14,300.23677700000917
cacb7705-4c97-49f1-b940-90fa8ae112c2,15,29,15,306.29768799997237
cacb7705-4c97-49f1-b940-90fa8ae112c2,15,30,16,312.3311049999984
cacb7705-4c97-49f1-b940-90fa8ae112c2,15,31,17,324.085728
cacb7705-4c97-49f1-b940-90fa8ae112c2,15,32,18,320.29880800007504
cacb7705-4c97-49f1-b940-90fa8ae112c2,15,33,19,314.3489589999717
cacb7705-4c97-49f1-b940-90fa8ae112c2,15,34,20,320.6391100000019
cacb7705-4c97-49f1-b940-90fa8ae112c2,15,35,21,317.1197330000268
cacb7705-4c97-49f1-b940-90fa8ae112c2,15,36,22,316.2042349999865
cacb7705-4c97-49f1-b940-90fa8ae112c2,15,37,23,327.576635000014
cacb7705-4c97-49f1-b940-90fa8ae112c2,15,38,24,324.4800290000285
cacb7705-4c97-49f1-b940-90fa8ae112c2,15,39,25,326.41468299993903
cacb7705-4c97-49f1-b940-90fa8ae112c2,15,40,26,331.98636300005546
cacb7705-4c97-49f1-b940-90fa8ae112c2,15,41,27,357.93759899991073
cacb7705-4c97-49f1-b940-90fa8ae112c2,15,42,28,329.9207700000579
cacb7705-4c97-49f1-b940-90fa8ae112c2,15,43,29,341.93365099997663
cacb7705-4c97-49f1-b940-90fa8ae112c2,15,44,30,338.92280500003835
cacb7705-4c97-49f1-b940-90fa8ae112c2,15,45,31,335.21108699994784
cacb7705-4c97-49f1-b940-90fa8ae112c2,15,46,32,342.5883759999806
cacb7705-4c97-49f1-b940-90fa8ae112c2,15,47,33,342.60128100004295
cacb7705-4c97-49f1-b940-90fa8ae112c2,15,48,34,341.4481730000034
cacb7705-4c97-49f1-b940-90fa8ae112c2,15,49,35,373.8160399999515
cacb7705-4c97-49f1-b940-90fa8ae112c2,15,50,36,402.84717100007583
cacb7705-4c97-49f1-b940-90fa8ae112c2,15,51,37,406.3188129999844
cacb7705-4c97-49f1-b940-90fa8ae112c2,15,52,38,387.97847699993326
cacb7705-4c97-49f1-b940-90fa8ae112c2,15,53,39,426.10047100004067
cacb7705-4c97-49f1-b940-90fa8ae112c2,15,54,40,423.85758600005374
cacb7705-4c97-49f1-b940-90fa8ae112c2,15,55,41,358.5850129999244
cacb7705-4c97-49f1-b940-90fa8ae112c2,15,56,42,350.89158300002055
cacb7705-4c97-49f1-b940-90fa8ae112c2,15,57,43,352.0823860000064
cacb7705-4c97-49f1-b940-90fa8ae112c2,15,58,44,364.38001399994846
cacb7705-4c97-49f1-b940-90fa8ae112c2,15,59,45,364.1974580000351
cacb7705-4c97-49f1-b940-90fa8ae112c2,15,60,46,361.5549460000693
cacb7705-4c97-49f1-b940-90fa8ae112c2,15,61,47,362.0558479999545
cacb7705-4c97-49f1-b940-90fa8ae112c2,15,62,48,356.5326279999681
cacb7705-4c97-49f1-b940-90fa8ae112c2,15,63,49,364.26792800000385
cacb7705-4c97-49f1-b940-90fa8ae112c2,15,64,50,361.01914300002136
cacb7705-4c97-49f1-b940-90fa8ae112c2,15,65,51,369.8002879999649
cacb7705-4c97-49f1-b940-90fa8ae112c2,15,66,52,385.7608650000657
cacb7705-4c97-49f1-b940-90fa8ae112c2,15,67,53,377.9925609999282
cacb7705-4c97-49f1-b940-90fa8ae112c2,15,68,54,372.65051700001095
cacb7705-4c97-49f1-b940-90fa8ae112c2,15,69,55,380.2217659999769
cacb7705-4c97-49f1-b940-90fa8ae112c2,15,70,56,371.87085400000797
cacb7705-4c97-49f1-b940-90fa8ae112c2,15,71,57,378.5486530000526
cacb7705-4c97-49f1-b940-90fa8ae112c2,15,72,58,389.2162180000014
cacb7705-4c97-49f1-b940-90fa8ae112c2,15,73,59,380.89418699996713
cacb7705-4c97-49f1-b940-90fa8ae112c2,15,74,60,384.2956470000445
cacb7705-4c97-49f1-b940-90fa8ae112c2,15,75,61,386.3100940000095
cacb7705-4c97-49f1-b940-90fa8ae112c2,15,76,62,384.99813199996424
cacb7705-4c97-49f1-b940-90fa8ae112c2,15,77,63,389.9001260000432
cacb7705-4c97-49f1-b940-90fa8ae112c2,15,78,64,389.068153999915
cacb7705-4c97-49f1-b940-90fa8ae112c2,15,79,65,403.95923900007347
cacb7705-4c97-49f1-b940-90fa8ae112c2,15,80,66,422.2361729999875
cacb7705-4c97-49f1-b940-90fa8ae112c2,15,81,67,437.4495309999702
cacb7705-4c97-49f1-b940-90fa8ae112c2,15,82,68,442.3049729999775
cacb7705-4c97-49f1-b940-90fa8ae112c2,15,83,69,438.5945400000537
cacb7705-4c97-49f1-b940-90fa8ae112c2,15,84,70,451.36764599999424
cacb7705-4c97-49f1-b940-90fa8ae112c2,15,85,71,488.37859499997194
cacb7705-4c97-49f1-b940-90fa8ae112c2,15,86,72,429.12777499998356
cacb7705-4c97-49f1-b940-90fa8ae112c2,15,87,73,409.9445530000594
cacb7705-4c97-49f1-b940-90fa8ae112c2,15,88,74,408.17107199995917
cacb7705-4c97-49f1-b940-90fa8ae112c2,15,89,75,408.69971899996926
cacb7705-4c97-49f1-b940-90fa8ae112c2,15,90,76,399.63936100002684
cacb7705-4c97-49f1-b940-90fa8ae112c2,15,91,77,402.3255890000428
cacb7705-4c97-49f1-b940-90fa8ae112c2,15,92,78,412.0871339999894
cacb7705-4c97-49f1-b940-90fa8ae112c2,15,93,79,396.96728699993855
cacb7705-4c97-49f1-b940-90fa8ae112c2,15,94,80,411.54914500009454
cacb7705-4c97-49f1-b940-90fa8ae112c2,15,95,81,405.25746999992407
cacb7705-4c97-49f1-b940-90fa8ae112c2,15,96,82,404.1716310000538
cacb7705-4c97-49f1-b940-90fa8ae112c2,15,97,83,407.90100499998516
cacb7705-4c97-49f1-b940-90fa8ae112c2,15,98,84,408.64427799999703
cacb7705-4c97-49f1-b940-90fa8ae112c2,15,99,85,414.424801999985
cacb7705-4c97-49f1-b940-90fa8ae112c2,15,100,86,403.144817999987
cacb7705-4c97-49f1-b940-90fa8ae112c2,15,101,87,408.5365670000556
cacb7705-4c97-49f1-b940-90fa8ae112c2,15,102,88,424.48175799995624
cacb7705-4c97-49f1-b940-90fa8ae112c2,15,103,89,410.26275100000476
cacb7705-4c97-49f1-b940-90fa8ae112c2,15,104,90,418.83587699999225
cacb7705-4c97-49f1-b940-90fa8ae112c2,15,105,91,409.26156299997274
cacb7705-4c97-49f1-b940-90fa8ae112c2,15,106,92,411.75585700000283
cacb7705-4c97-49f1-b940-90fa8ae112c2,15,107,93,416.2640530000772
cacb7705-4c97-49f1-b940-90fa8ae112c2,15,108,94,410.298723999972
cacb7705-4c97-49f1-b940-90fa8ae112c2,15,109,95,430.44144700002107
cacb7705-4c97-49f1-b940-90fa8ae112c2,15,110,96,446.34895799993046
cacb7705-4c97-49f1-b940-90fa8ae112c2,15,111,97,475.7077820000859
cacb7705-4c97-49f1-b940-90fa8ae112c2,15,112,98,488.3206799999016
cacb7705-4c97-49f1-b940-90fa8ae112c2,15,113,99,482.2219340001084
cacb7705-4c97-49f1-b940-90fa8ae112c2,15,114,100,484.3356319998975
cacb7705-4c97-49f1-b940-90fa8ae112c2,15,115,101,443.103140000062
cacb7705-4c97-49f1-b940-90fa8ae112c2,15,116,102,469.19143599996005
cacb7705-4c97-49f1-b940-90fa8ae112c2,15,117,103,448.71627400004854
cacb7705-4c97-49f1-b940-90fa8ae112c2,15,118,104,422.1205149999605
cacb7705-4c97-49f1-b940-90fa8ae112c2,15,119,105,435.9322579999798
cacb7705-4c97-49f1-b940-90fa8ae112c2,15,120,106,426.9039299999804
cacb7705-4c97-49f1-b940-90fa8ae112c2,15,121,107,430.3237530000388
cacb7705-4c97-49f1-b940-90fa8ae112c2,15,122,108,424.37974300003134
cacb7705-4c97-49f1-b940-90fa8ae112c2,15,123,109,425.0265109999418
cacb7705-4c97-49f1-b940-90fa8ae112c2,15,124,110,422.0549320000373
cacb7705-4c97-49f1-b940-90fa8ae112c2,15,125,111,427.31823500002974
cacb7705-4c97-49f1-b940-90fa8ae112c2,15,126,112,431.21533900000486
cacb7705-4c97-49f1-b940-90fa8ae112c2,15,127,113,426.11712799998713
cacb7705-4c97-49f1-b940-90fa8ae112c2,15,128,114,440.33629099999416
cacb7705-4c97-49f1-b940-90fa8ae112c2,15,129,115,471.50025799999185
cacb7705-4c97-49f1-b940-90fa8ae112c2,15,130,116,471.62647799996193
cacb7705-4c97-49f1-b940-90fa8ae112c2,15,131,117,464.4334650000701
cacb7705-4c97-49f1-b940-90fa8ae112c2,15,132,118,460.1106310000205
cacb7705-4c97-49f1-b940-90fa8ae112c2,15,133,119,481.0284219998948
cacb7705-4c97-49f1-b940-90fa8ae112c2,15,134,120,463.4046670000771
cacb7705-4c97-49f1-b940-90fa8ae112c2,15,135,121,475.8905879999702
cacb7705-4c97-49f1-b940-90fa8ae112c2,15,136,122,474.03102800001307
cacb7705-4c97-49f1-b940-90fa8ae112c2,15,137,123,497.56656299996393
cacb7705-4c97-49f1-b940-90fa8ae112c2,15,138,124,509.58908000006886
cacb7705-4c97-49f1-b940-90fa8ae112c2,15,139,125,510.7828589999599
cacb7705-4c97-49f1-b940-90fa8ae112c2,15,140,126,532.0745129999978
cacb7705-4c97-49f1-b940-90fa8ae112c2,15,141,127,533.1154379999816
cacb7705-4c97-49f1-b940-90fa8ae112c2,15,142,128,479.89966900001946
